_id,customerId,staffId,objective,startDate,createdAt,updatedAt
65955285f5d9939a86442090,6582f8d74b911a0178af4083,cf9dde1c-ac32-4a2c-bc02-242adfa44abf,647ded89866b5961f5a3e203,2024-01-03T00:00:00.000Z,2024-01-03T12:26:45.576Z,2024-02-09T10:47:45.760Z
659555c1b7085c5ba93802c5,655e6bbcd4232c0154bb7b19,cf9dde1c-ac32-4a2c-bc02-242adfa44abf,647dedd3866b5961f5a3e206,2024-01-03T00:00:00.000Z,2024-01-03T12:40:33.948Z,2024-02-09T10:23:04.853Z
65958322bc94babffd1d0b4d,6583a282a4f2c5015373c222,cf9dde1c-ac32-4a2c-bc02-242adfa44abf,647ded89866b5961f5a3e203,2024-01-03T00:00:00.000Z,2024-01-03T15:54:10.162Z,2024-02-07T10:02:37.937Z
6595a4bdb7085c5ba939644c,65493e1951cbeb01543f387f,cf9dde1c-ac32-4a2c-bc02-242adfa44abf,647dedb1866b5961f5a3e204,2024-01-03T00:00:00.000Z,2024-01-03T18:17:33.802Z,2024-02-09T07:12:43.718Z
6595a4f2b7085c5ba9396530,65549b7b87f5fd015444122c,cf9dde1c-ac32-4a2c-bc02-242adfa44abf,647dedd3866b5961f5a3e206,2024-01-03T00:00:00.000Z,2024-01-03T18:18:26.341Z,2024-01-05T10:02:16.341Z
6595c6aebc94babffd1dc653,655e52772d99580178a8b823,cf9dde1c-ac32-4a2c-bc02-242adfa44abf,647dedd3866b5961f5a3e206,2024-01-03T00:00:00.000Z,2024-01-03T20:42:22.622Z,2024-02-07T12:26:40.270Z
6595cd20c282fc2813d0159f,65004a9f0dbad40178d9b4c6,2234df20-cb39-4ed1-9ef8-33843ebc2f98,647ded89866b5961f5a3e203,2024-01-03T00:00:00.000Z,2024-01-03T21:09:52.291Z,2024-02-09T10:37:48.315Z
6595df24b7085c5ba939ea20,657f9ad8203a1b0142ac70a4,cf9dde1c-ac32-4a2c-bc02-242adfa44abf,647dedd3866b5961f5a3e206,2024-01-03T00:00:00.000Z,2024-01-03T22:26:44.166Z,2024-02-09T09:18:38.784Z
6597e8fef5d9939a864b6ed1,65841d7c0a928c01774ed1dc,4ef33cac-b146-4c15-998d-3a1dea432a20,647ded89866b5961f5a3e203,2024-01-05T00:00:00.000Z,2024-01-05T11:33:18.766Z,2024-02-09T11:21:35.986Z
6597f39366b27fe4a3c3e410,65832011a4f2c5015373c221,cf9dde1c-ac32-4a2c-bc02-242adfa44abf,647dedd3866b5961f5a3e206,2024-01-05T00:00:00.000Z,2024-01-05T12:18:27.271Z,2024-02-09T10:24:03.671Z
65980d7f66b27fe4a3c48873,65946e1aa4f2c5015373c230,4ef33cac-b146-4c15-998d-3a1dea432a20,647ded89866b5961f5a3e203,2024-01-05T00:00:00.000Z,2024-01-05T14:09:03.899Z,2024-02-08T10:34:29.491Z
65981856cc356b1fbd5b42d1,6584e5b84b911a0178af4085,8986e1ee-c3bf-4b10-b353-9f82a41062d8,647ded89866b5961f5a3e203,2024-01-05T00:00:00.000Z,2024-01-05T14:55:18.781Z,2024-02-08T08:56:31.086Z
659825905404eb5067193833,64dcba7e2c3d320178f2f235,4ef33cac-b146-4c15-998d-3a1dea432a20,647ded89866b5961f5a3e203,2024-01-05T00:00:00.000Z,2024-01-05T15:51:44.790Z,2024-02-09T09:30:44.958Z
659848b5cc356b1fbd5bf971,65834a1c4b911a0178af4084,3748eb25-0047-4b3b-8d3a-cd463e694167,647ded89866b5961f5a3e203,2024-01-05T00:00:00.000Z,2024-01-05T18:21:41.408Z,2024-02-09T11:44:40.162Z
659857743f962752a633e216,64f24eb21f0db50154a0492c,14bffa46-e2a5-44d6-b163-b76fc370242f,647ded89866b5961f5a3e203,2024-01-05T00:00:00.000Z,2024-01-05T19:24:36.591Z,2024-01-22T13:09:24.005Z
6598659752019fe596ad44da,6596f2220a928c01774ed1f1,8986e1ee-c3bf-4b10-b353-9f82a41062d8,647ded89866b5961f5a3e203,2024-01-05T00:00:00.000Z,2024-01-05T20:24:55.949Z,2024-02-09T09:57:07.101Z
659957cccb626fa6172df920,64f64c7f1f0db50154a0493d,14bffa46-e2a5-44d6-b163-b76fc370242f,647ded89866b5961f5a3e203,2024-01-06T00:00:00.000Z,2024-01-06T13:38:20.913Z,2024-01-30T09:47:04.006Z
659c16d452019fe596b3e75f,657b423a4846d50154123f5d,91599fc2-1330-4b9b-9b3b-8b6ae582ad03,647ded89866b5961f5a3e203,2024-01-08T00:00:00.000Z,2024-01-08T15:37:56.415Z,2024-02-07T06:18:50.814Z
659c1cc9cc356b1fbd634c47,65807a654b911a0178af407f,4fb32562-1981-401f-969e-ce3ab632faf4,647ded89866b5961f5a3e203,2024-01-08T00:00:00.000Z,2024-01-08T16:03:21.197Z,2024-02-09T11:56:19.919Z
659c27d15404eb506720c66f,64f627fc1f0db50154a04939,14bffa46-e2a5-44d6-b163-b76fc370242f,647ded89866b5961f5a3e203,2024-01-08T00:00:00.000Z,2024-01-08T16:50:25.922Z,2024-01-08T16:50:25.922Z
659c296fcb626fa617336238,6580588b203a1b0142ac70a6,4fb32562-1981-401f-969e-ce3ab632faf4,647ded89866b5961f5a3e203,2024-01-08T00:00:00.000Z,2024-01-08T16:57:19.457Z,2024-02-09T10:09:14.895Z
659c2a4ecc356b1fbd638bb3,64f763510dbad40178d9b4b2,14bffa46-e2a5-44d6-b163-b76fc370242f,647ded89866b5961f5a3e203,2024-01-08T00:00:00.000Z,2024-01-08T17:01:02.182Z,2024-02-08T10:08:02.996Z
659c2fac5404eb506720efbc,64f7cb136b90320155452b83,14bffa46-e2a5-44d6-b163-b76fc370242f,647ded89866b5961f5a3e203,2024-01-08T00:00:00.000Z,2024-01-08T17:23:56.763Z,2024-02-09T09:18:49.180Z
659c341ccc356b1fbd63c53a,63643b91627aac00a8d73f90,91599fc2-1330-4b9b-9b3b-8b6ae582ad03,647ded89866b5961f5a3e203,2024-01-08T00:00:00.000Z,2024-01-08T17:42:52.708Z,2024-02-09T08:54:19.862Z
659c3b53cc356b1fbd63e806,64a31edb5f362d00bfd6ef0c,f13cb68d-3e50-407d-af65-35069e539e50,647ded89866b5961f5a3e203,2024-01-08T00:00:00.000Z,2024-01-08T18:13:39.402Z,2024-01-12T10:34:55.242Z
659c41b7cb626fa61733d148,649f1a8f89e37400b5cd2186,89545c13-72f2-444f-82c6-ce52c62bb779,647ded89866b5961f5a3e203,2024-01-08T00:00:00.000Z,2024-01-08T18:40:55.765Z,2024-02-09T09:09:12.670Z
659c4581cc356b1fbd640780,649f86a25f362d00bfd6ef08,89545c13-72f2-444f-82c6-ce52c62bb779,647ded89866b5961f5a3e203,2024-01-08T00:00:00.000Z,2024-01-08T18:57:05.332Z,2024-02-09T09:22:18.437Z
659c46b3cb626fa61733e3ab,636a4d85627aac00a8d73f9f,91599fc2-1330-4b9b-9b3b-8b6ae582ad03,647ded89866b5961f5a3e203,2024-01-08T00:00:00.000Z,2024-01-08T19:02:11.522Z,2024-01-24T12:27:14.283Z
659c5217cc356b1fbd64244f,658af819203a1b0142ac70b3,bca0e834-fdfa-46e7-9c31-34f03c87ab78,647ded89866b5961f5a3e203,2024-01-08T00:00:00.000Z,2024-01-08T19:50:47.969Z,2024-01-25T09:39:34.810Z
659c5d0acb626fa617343674,637cb113a4f87200a72f3b71,91599fc2-1330-4b9b-9b3b-8b6ae582ad03,647ded89866b5961f5a3e203,2024-01-08T00:00:00.000Z,2024-01-08T20:37:30.553Z,2024-02-09T08:48:12.116Z
659c61da5404eb506721b4cf,652f6be027765501740a9f61,14bffa46-e2a5-44d6-b163-b76fc370242f,647ded89866b5961f5a3e203,2024-01-08T00:00:00.000Z,2024-01-08T20:58:02.246Z,2024-02-04T14:02:22.948Z
659c7ca06fae8bef1159bb79,64ef99683599220154b43799,89545c13-72f2-444f-82c6-ce52c62bb779,647ded89866b5961f5a3e203,2024-01-08T00:00:00.000Z,2024-01-08T22:52:16.548Z,2024-02-08T10:13:26.525Z
659d2e3152019fe596b785d0,64c996a330c8920154aca563,f13cb68d-3e50-407d-af65-35069e539e50,647ded89866b5961f5a3e203,2024-01-09T00:00:00.000Z,2024-01-09T11:29:53.515Z,2024-01-09T11:29:53.515Z
659d42326fae8bef115c590e,65970af74b911a0178af4098,4fb32562-1981-401f-969e-ce3ab632faf4,647ded89866b5961f5a3e203,2024-01-09T00:00:00.000Z,2024-01-09T12:55:14.928Z,2024-01-26T13:07:51.164Z
659d423bcc356b1fbd677658,64da342df19f390143067075,2234df20-cb39-4ed1-9ef8-33843ebc2f98,647ded89866b5961f5a3e203,2024-01-09T00:00:00.000Z,2024-01-09T12:55:23.835Z,2024-02-09T10:14:50.573Z
659d4337ed09b6d977438378,65958bcc4b911a0178af4093,4fb32562-1981-401f-969e-ce3ab632faf4,647ded89866b5961f5a3e203,2024-01-09T00:00:00.000Z,2024-01-09T12:59:35.705Z,2024-02-09T10:08:41.279Z
659d52606fae8bef115cbba0,6434421e8598c600a6662454,f13cb68d-3e50-407d-af65-35069e539e50,647ded89866b5961f5a3e203,2024-01-09T00:00:00.000Z,2024-01-09T14:04:16.756Z,2024-02-01T10:38:55.869Z
659d5a3dcc356b1fbd682299,6592f653203a1b0142ac70b4,2234df20-cb39-4ed1-9ef8-33843ebc2f98,647ded89866b5961f5a3e203,2024-01-09T00:00:00.000Z,2024-01-09T14:37:49.875Z,2024-02-08T13:41:40.909Z
659d5a8452019fe596b8f6b4,646bd07a633b8100a7326cc6,3748eb25-0047-4b3b-8d3a-cd463e694167,647ded89866b5961f5a3e203,2024-01-09T00:00:00.000Z,2024-01-09T14:39:00.718Z,2024-02-09T09:44:10.383Z
659d625679e4134ebf0fd20c,653c4afaa68ea101429887aa,5e751ede-34e4-4fc4-8ef5-a992de33e307,647dedd3866b5961f5a3e206,2024-01-09T00:00:00.000Z,2024-01-09T15:12:22.331Z,2024-02-09T11:45:14.862Z
659d6e5452019fe596b951e8,64c959c44cf5c2017897e71d,4ed527f3-43d2-4176-8772-0e7e2d14e7ee,647ded89866b5961f5a3e203,2024-01-09T00:00:00.000Z,2024-01-09T16:03:32.231Z,2024-02-09T11:21:07.791Z
659d6faa52019fe596b958b1,658e41364b911a0178af408a,f13cb68d-3e50-407d-af65-35069e539e50,647ded89866b5961f5a3e203,2024-01-09T00:00:00.000Z,2024-01-09T16:09:14.025Z,2024-02-06T15:37:17.870Z
659d7aba79e4134ebf10343f,653a6dbb4d5c370154284140,14bffa46-e2a5-44d6-b163-b76fc370242f,647ded89866b5961f5a3e203,2024-01-09T00:00:00.000Z,2024-01-09T16:56:26.101Z,2024-01-09T16:56:26.101Z
659d891fed09b6d97744d57b,651b059c37f22601787a992b,14bffa46-e2a5-44d6-b163-b76fc370242f,647ded89866b5961f5a3e203,2024-01-09T00:00:00.000Z,2024-01-09T17:57:51.002Z,2024-02-06T11:38:20.958Z
659d8a1f79e4134ebf105fee,6421dd5cdb2cca00a8f98658,f13cb68d-3e50-407d-af65-35069e539e50,647ded89866b5961f5a3e203,2024-01-09T00:00:00.000Z,2024-01-09T18:02:07.071Z,2024-02-07T12:44:41.392Z
659d8e4b52019fe596b9b36e,651af48437f22601787a9929,14bffa46-e2a5-44d6-b163-b76fc370242f,647ded89866b5961f5a3e203,2024-01-09T00:00:00.000Z,2024-01-09T18:19:55.354Z,2024-02-09T11:18:29.694Z
659dc1b54fef8f745d74f0fa,658e1d0b0a928c01774ed1e4,4ed527f3-43d2-4176-8772-0e7e2d14e7ee,647dedd3866b5961f5a3e206,2024-01-09T00:00:00.000Z,2024-01-09T21:59:17.313Z,2024-02-09T10:57:04.442Z
659dc3d58670e6d2772783d7,63c80267ccab9900a7974fbc,4e4213e3-8037-4be1-9291-f4ea0c4f03b1,647dedd3866b5961f5a3e206,2024-01-09T00:00:00.000Z,2024-01-09T22:08:21.366Z,2024-01-10T10:06:02.339Z
659e84ea8670e6d27729d7e0,646ecf010ce7de00c57ae716,4fb32562-1981-401f-969e-ce3ab632faf4,647ded89866b5961f5a3e203,2024-01-10T00:00:00.000Z,2024-01-10T11:52:10.552Z,2024-02-03T12:49:38.976Z
659e859352019fe596bce3c2,65610100888a230142557cbb,a57f3364-21ff-45d5-aee5-2406548eea52,647ded89866b5961f5a3e203,2024-01-10T00:00:00.000Z,2024-01-10T11:54:59.840Z,2024-02-09T10:57:50.414Z
659e92fb8670e6d2772a6e78,6598112d4b911a0178af409d,cf9dde1c-ac32-4a2c-bc02-242adfa44abf,647ded89866b5961f5a3e203,2024-01-10T00:00:00.000Z,2024-01-10T12:52:11.142Z,2024-02-09T09:24:42.756Z
659e99018670e6d2772aadf8,65059f0c6b90320155452bba,4fb32562-1981-401f-969e-ce3ab632faf4,647ded89866b5961f5a3e203,2024-01-10T00:00:00.000Z,2024-01-10T13:17:53.843Z,2024-01-29T14:11:08.508Z
659ea3268670e6d2772af274,63b8317491bc9100a8f92b0a,91599fc2-1330-4b9b-9b3b-8b6ae582ad03,647ded89866b5961f5a3e203,2024-01-10T00:00:00.000Z,2024-01-10T14:01:10.560Z,2024-02-08T10:27:26.957Z
659eafff79e4134ebf152090,659b1324c14a240178616e5a,a57f3364-21ff-45d5-aee5-2406548eea52,647ded89866b5961f5a3e203,2024-01-10T00:00:00.000Z,2024-01-10T14:55:59.593Z,2024-01-24T09:12:46.360Z
659eb599c3108067455329cb,659c19eec14a240178616e60,cf9dde1c-ac32-4a2c-bc02-242adfa44abf,647ded89866b5961f5a3e203,2024-01-10T00:00:00.000Z,2024-01-10T15:19:53.399Z,2024-01-17T13:12:30.290Z
659ec8888670e6d2772c07c3,659c2571d21fc50154c84d16,cf9dde1c-ac32-4a2c-bc02-242adfa44abf,647dedd3866b5961f5a3e206,2024-01-10T00:00:00.000Z,2024-01-10T16:40:40.855Z,2024-02-07T13:04:02.561Z
659ec99a79e4134ebf15c7f9,65948204203a1b0142ac70bd,4ed527f3-43d2-4176-8772-0e7e2d14e7ee,647ded89866b5961f5a3e203,2024-01-10T00:00:00.000Z,2024-01-10T16:45:14.107Z,2024-02-09T10:26:44.885Z
659ecd504fef8f745d79206c,65983c2e203a1b0142ac70cf,4fb32562-1981-401f-969e-ce3ab632faf4,647ded89866b5961f5a3e203,2024-01-10T00:00:00.000Z,2024-01-10T17:01:04.072Z,2024-02-09T11:41:06.271Z
659ed0a5c31080674553e0ad,649ee3ee97cafd00d6bfa7b5,4ed527f3-43d2-4176-8772-0e7e2d14e7ee,647dedd3866b5961f5a3e206,2024-01-10T00:00:00.000Z,2024-01-10T17:15:17.846Z,2024-01-27T06:50:03.347Z
659eda5d4fef8f745d794c28,6599b07796768d015327b919,bca0e834-fdfa-46e7-9c31-34f03c87ab78,647ded89866b5961f5a3e203,2024-01-10T00:00:00.000Z,2024-01-10T17:56:45.257Z,2024-01-19T11:16:56.690Z
659edb0ac31080674553f4d9,6410ea9670bab800a7186f85,3748eb25-0047-4b3b-8d3a-cd463e694167,647dedd3866b5961f5a3e206,2024-01-10T00:00:00.000Z,2024-01-10T17:59:38.944Z,2024-01-24T11:11:25.938Z
659eded74fef8f745d7959a5,656d0dd4e653310154853367,f13cb68d-3e50-407d-af65-35069e539e50,647ded89866b5961f5a3e203,2024-01-10T00:00:00.000Z,2024-01-10T18:15:51.931Z,2024-02-09T09:01:06.142Z
659edf90c31080674554006f,65957032203a1b0142ac70c2,bca0e834-fdfa-46e7-9c31-34f03c87ab78,647ded89866b5961f5a3e203,2024-01-10T00:00:00.000Z,2024-01-10T18:18:56.772Z,2024-02-02T09:35:59.729Z
659ee27c4fef8f745d79655a,659425efa4f2c5015373c22e,bca0e834-fdfa-46e7-9c31-34f03c87ab78,647ded89866b5961f5a3e203,2024-01-10T00:00:00.000Z,2024-01-10T18:31:24.893Z,2024-02-09T10:38:07.002Z
659ee7b0c310806745542866,657b107537d3bf0178252511,cf9dde1c-ac32-4a2c-bc02-242adfa44abf,647dedb1866b5961f5a3e204,2024-01-10T00:00:00.000Z,2024-01-10T18:53:36.302Z,2024-01-19T06:15:48.676Z
659eea688670e6d2772c6202,64a33a882dcf0c00b6079a5f,f13cb68d-3e50-407d-af65-35069e539e50,647ded89866b5961f5a3e203,2024-01-10T00:00:00.000Z,2024-01-10T19:05:12.510Z,2024-02-09T11:13:14.763Z
659efba68670e6d2772c8a34,648b300cb15a1c00a764c541,4ed527f3-43d2-4176-8772-0e7e2d14e7ee,647ded89866b5961f5a3e203,2024-01-10T00:00:00.000Z,2024-01-10T20:18:46.354Z,2024-02-08T09:49:24.864Z
659efd128670e6d2772c9109,6596c6004b911a0178af4097,bca0e834-fdfa-46e7-9c31-34f03c87ab78,647ded89866b5961f5a3e203,2024-01-10T00:00:00.000Z,2024-01-10T20:24:50.455Z,2024-02-09T12:17:17.133Z
659f19744fef8f745d7a121f,659804874b911a0178af409c,cf9dde1c-ac32-4a2c-bc02-242adfa44abf,647ded89866b5961f5a3e203,2024-01-10T00:00:00.000Z,2024-01-10T22:25:56.694Z,2024-02-09T09:35:28.536Z
659f1a984fef8f745d7a15a3,6591ec090a928c01774ed1e7,bca0e834-fdfa-46e7-9c31-34f03c87ab78,647dedd3866b5961f5a3e206,2024-01-10T00:00:00.000Z,2024-01-10T22:30:48.908Z,2024-02-08T09:15:44.580Z
659f299979e4134ebf170477,659477c70a928c01774ed1eb,3748eb25-0047-4b3b-8d3a-cd463e694167,647ded89866b5961f5a3e203,2024-01-10T00:00:00.000Z,2024-01-10T23:34:49.197Z,2024-02-09T10:48:41.186Z
659fd6f48670e6d2772f3274,64e8a5867f69d80155572e52,4ef33cac-b146-4c15-998d-3a1dea432a20,647ded89866b5961f5a3e203,2024-01-11T00:00:00.000Z,2024-01-11T11:54:28.293Z,2024-02-09T12:18:56.388Z
659fe5938670e6d2772fd30c,659463610a928c01774ed1e9,4ef33cac-b146-4c15-998d-3a1dea432a20,647ded89866b5961f5a3e203,2024-01-11T00:00:00.000Z,2024-01-11T12:56:51.052Z,2024-02-09T10:08:41.900Z
659fea2a8670e6d2772ff5d8,659834094b911a0178af40a1,8986e1ee-c3bf-4b10-b353-9f82a41062d8,647ded89866b5961f5a3e203,2024-01-11T00:00:00.000Z,2024-01-11T13:16:26.510Z,2024-02-09T10:07:23.000Z
659ff9cec31080674557ca4a,64a7fb6294d8a100d218aea7,be6e3edf-5cf8-4df7-b8b0-0572729ae512,647dedd3866b5961f5a3e206,2024-01-11T00:00:00.000Z,2024-01-11T14:23:10.822Z,2024-02-09T10:41:02.518Z
659ffd798c9ef3e309d80d29,656fa8ca48f1390142f4afdc,4ef33cac-b146-4c15-998d-3a1dea432a20,647ded89866b5961f5a3e203,2024-01-11T00:00:00.000Z,2024-01-11T14:38:49.331Z,2024-02-09T10:09:20.747Z
65a00877c310806745580fc7,657c5fba4846d50154123f5e,8986e1ee-c3bf-4b10-b353-9f82a41062d8,647dedd3866b5961f5a3e206,2024-01-11T00:00:00.000Z,2024-01-11T15:25:43.115Z,2024-02-09T09:44:10.133Z
65a031d74fef8f745d7de230,6598153c203a1b0142ac70ce,4ef33cac-b146-4c15-998d-3a1dea432a20,647ded89866b5961f5a3e203,2024-01-11T00:00:00.000Z,2024-01-11T18:22:15.637Z,2024-02-06T10:34:10.244Z
65a049968c9ef3e309d8fb07,6596d931203a1b0142ac70cb,4ef33cac-b146-4c15-998d-3a1dea432a20,647ded89866b5961f5a3e203,2024-01-11T00:00:00.000Z,2024-01-11T20:03:34.211Z,2024-02-07T11:45:37.225Z
65a05230c310806745591089,64e4cea855460b01543c94d9,4e4213e3-8037-4be1-9291-f4ea0c4f03b1,647ded89866b5961f5a3e203,2024-01-11T00:00:00.000Z,2024-01-11T20:40:16.739Z,2024-02-07T11:04:45.149Z
65a080b6ff37a77ecc8f29c7,630bbc8ce28fac0001e78c8d,3748eb25-0047-4b3b-8d3a-cd463e694167,647dedd3866b5961f5a3e206,2024-01-11T00:00:00.000Z,2024-01-11T23:58:46.521Z,2024-02-08T11:07:11.346Z
65a081fa79e4134ebf1c35e4,636d9696c1235d00a7fd8caa,3748eb25-0047-4b3b-8d3a-cd463e694167,647dedb1866b5961f5a3e204,2024-01-12T00:00:00.000Z,2024-01-12T00:04:10.521Z,2024-02-09T10:09:13.699Z
65a082a679e4134ebf1c3624,630d5e90e28fac0001e78c9a,3748eb25-0047-4b3b-8d3a-cd463e694167,647ded89866b5961f5a3e203,2024-01-12T00:00:00.000Z,2024-01-12T00:07:02.920Z,2024-02-06T09:14:46.705Z
65a0cac90c174d715286ca9e,6303a01b66e36200018c1e50,91599fc2-1330-4b9b-9b3b-8b6ae582ad03,647dedd3866b5961f5a3e206,2024-01-12T00:00:00.000Z,2024-01-12T05:14:49.808Z,2024-01-23T11:05:22.674Z
65a1299bff37a77ecc912309,645c54fd612c0700a73bdfad,f13cb68d-3e50-407d-af65-35069e539e50,647ded89866b5961f5a3e203,2024-01-12T00:00:00.000Z,2024-01-12T11:59:23.967Z,2024-02-08T09:45:56.674Z
65a12b580c174d715288e43c,6594398d4b911a0178af408e,cf9dde1c-ac32-4a2c-bc02-242adfa44abf,647dedd3866b5961f5a3e206,2024-01-12T00:00:00.000Z,2024-01-12T12:06:48.706Z,2024-02-09T09:52:00.060Z
65a135140c174d7152892eca,65984ff34b911a0178af40a3,8986e1ee-c3bf-4b10-b353-9f82a41062d8,647ded89866b5961f5a3e203,2024-01-12T00:00:00.000Z,2024-01-12T12:48:20.395Z,2024-02-09T09:26:59.962Z
65a13ca7ff37a77ecc91c371,6571f594ef319b0154691dd9,f13cb68d-3e50-407d-af65-35069e539e50,647ded89866b5961f5a3e203,2024-01-12T00:00:00.000Z,2024-01-12T13:20:39.337Z,2024-02-06T10:04:19.840Z
65a147230c174d715289aa87,650eeb63fafc5b0154993c99,f13cb68d-3e50-407d-af65-35069e539e50,647dedd3866b5961f5a3e206,2024-01-12T00:00:00.000Z,2024-01-12T14:05:23.645Z,2024-01-19T11:23:37.998Z
65a149fa79e4134ebf1f578d,659749d64b911a0178af409b,cf9dde1c-ac32-4a2c-bc02-242adfa44abf,647ded89866b5961f5a3e203,2024-01-12T00:00:00.000Z,2024-01-12T14:17:30.289Z,2024-02-09T12:58:54.749Z
65a14cb80c174d715289d264,6598715f0a928c01774ed1f4,4ef33cac-b146-4c15-998d-3a1dea432a20,647dedd3866b5961f5a3e206,2024-01-12T00:00:00.000Z,2024-01-12T14:29:12.658Z,2024-02-07T10:27:32.625Z
65a154ddff37a77ecc9281f7,642afeba19971100a6e6f79c,f13cb68d-3e50-407d-af65-35069e539e50,647ded89866b5961f5a3e203,2024-01-12T00:00:00.000Z,2024-01-12T15:03:57.409Z,2024-02-09T09:49:17.931Z
65a15925c3108067455d555e,64ff550e6b90320155452b9a,f13cb68d-3e50-407d-af65-35069e539e50,647dedd3866b5961f5a3e206,2024-01-12T00:00:00.000Z,2024-01-12T15:22:13.729Z,2024-02-09T09:12:35.462Z
65a15f3e0c174d71528a869a,65980f6f203a1b0142ac70cd,8986e1ee-c3bf-4b10-b353-9f82a41062d8,647ded89866b5961f5a3e203,2024-01-12T00:00:00.000Z,2024-01-12T15:48:14.285Z,2024-02-07T10:41:52.168Z
65a17ccbc3108067455e320a,659dcf3ec14a240178616e66,8986e1ee-c3bf-4b10-b353-9f82a41062d8,647ded89866b5961f5a3e203,2024-01-12T00:00:00.000Z,2024-01-12T17:54:19.481Z,2024-02-08T13:40:21.813Z
65a17e2fc3108067455e3e7e,65945897a4f2c5015373c22f,cf9dde1c-ac32-4a2c-bc02-242adfa44abf,647ded89866b5961f5a3e203,2024-01-12T00:00:00.000Z,2024-01-12T18:00:15.634Z,2024-01-30T09:35:30.194Z
65a1894579e4134ebf210c57,650e1e2f37f22601787a9906,14bffa46-e2a5-44d6-b163-b76fc370242f,647ded89866b5961f5a3e203,2024-01-12T00:00:00.000Z,2024-01-12T18:47:33.303Z,2024-02-09T09:48:02.441Z
65a18a4679e4134ebf211523,659592f5203a1b0142ac70c5,4ef33cac-b146-4c15-998d-3a1dea432a20,647ded89866b5961f5a3e203,2024-01-12T00:00:00.000Z,2024-01-12T18:51:50.588Z,2024-02-08T16:52:54.164Z
65a18ada0c174d71528b7253,651434d4fafc5b0154993cb3,14bffa46-e2a5-44d6-b163-b76fc370242f,647ded89866b5961f5a3e203,2024-01-12T00:00:00.000Z,2024-01-12T18:54:18.699Z,2024-02-07T08:54:17.620Z
65a18cf918a77a84a1384d2e,650e203dfafc5b0154993c98,14bffa46-e2a5-44d6-b163-b76fc370242f,647ded89866b5961f5a3e203,2024-01-12T00:00:00.000Z,2024-01-12T19:03:21.081Z,2024-02-09T09:50:45.059Z
65a1a6fbf5806d5964c783f2,659b2ec677b8aa013eb90d16,4ef33cac-b146-4c15-998d-3a1dea432a20,647ded89866b5961f5a3e203,2024-01-12T00:00:00.000Z,2024-01-12T20:54:19.927Z,2024-02-09T11:19:55.025Z
65a1a70b376f20b582af6ee0,6596d3bda4f2c5015373c23e,8986e1ee-c3bf-4b10-b353-9f82a41062d8,647dedd3866b5961f5a3e206,2024-01-12T00:00:00.000Z,2024-01-12T20:54:35.856Z,2024-02-06T10:13:40.433Z
65a1ac2b376f20b582af7c3c,65958fd9203a1b0142ac70c4,4ef33cac-b146-4c15-998d-3a1dea432a20,647ded89866b5961f5a3e203,2024-01-12T00:00:00.000Z,2024-01-12T21:16:27.786Z,2024-02-07T10:48:06.598Z
65a1b4332c7303f7c08755c5,65949a44a4f2c5015373c236,8986e1ee-c3bf-4b10-b353-9f82a41062d8,647dedd3866b5961f5a3e206,2024-01-12T00:00:00.000Z,2024-01-12T21:50:43.231Z,2024-02-09T08:12:36.688Z
65a1c323f5806d5964c7b8d3,659b343d77b8aa013eb90d17,4ef33cac-b146-4c15-998d-3a1dea432a20,647ded89866b5961f5a3e203,2024-01-12T00:00:00.000Z,2024-01-12T22:54:27.522Z,2024-02-07T11:16:18.847Z
65a5111eca81b2336c979606,654cd6d4be551901783d12bc,14bffa46-e2a5-44d6-b163-b76fc370242f,647ded89866b5961f5a3e203,2024-01-15T00:00:00.000Z,2024-01-15T11:03:58.045Z,2024-02-02T09:18:55.613Z
65a52a67ca81b2336c98672a,6594bff4203a1b0142ac70c0,4fb32562-1981-401f-969e-ce3ab632faf4,647ded89866b5961f5a3e203,2024-01-15T00:00:00.000Z,2024-01-15T12:51:51.169Z,2024-01-23T21:57:06.615Z
65a533f0376f20b582b5c846,63c99252ccab9900a7974fc5,91599fc2-1330-4b9b-9b3b-8b6ae582ad03,647ded89866b5961f5a3e203,2024-01-15T00:00:00.000Z,2024-01-15T13:32:32.714Z,2024-01-29T10:23:05.982Z
65a548cde387ce6234bb7014,659d576dd21fc50154c84d1b,4fb32562-1981-401f-969e-ce3ab632faf4,647ded89866b5961f5a3e203,2024-01-15T00:00:00.000Z,2024-01-15T15:01:33.352Z,2024-02-09T08:43:13.867Z
65a5536fe387ce6234bbaf5b,659d5ff596768d015327b927,4fb32562-1981-401f-969e-ce3ab632faf4,647ded89866b5961f5a3e203,2024-01-15T00:00:00.000Z,2024-01-15T15:46:55.357Z,2024-02-09T10:15:30.518Z
65a59bffd9957cb7fd1846bc,651df712fafc5b0154993cea,14bffa46-e2a5-44d6-b163-b76fc370242f,647dedd3866b5961f5a3e206,2024-01-15T00:00:00.000Z,2024-01-15T20:56:31.422Z,2024-02-07T09:30:49.520Z
65a67016d9957cb7fd1ac20e,659487654b911a0178af4092,4ed527f3-43d2-4176-8772-0e7e2d14e7ee,647ded89866b5961f5a3e203,2024-01-16T00:00:00.000Z,2024-01-16T12:01:26.655Z,2024-02-04T10:42:06.496Z
65a6a0a2c3f41e20cc51953b,659b140f77b8aa013eb90d15,4fb32562-1981-401f-969e-ce3ab632faf4,647ded89866b5961f5a3e203,2024-01-16T00:00:00.000Z,2024-01-16T15:28:34.723Z,2024-02-08T15:19:51.914Z
65a6ad46c3f41e20cc51d100,65a07cfa77b8aa013eb90d2e,4ed527f3-43d2-4176-8772-0e7e2d14e7ee,647dedd3866b5961f5a3e206,2024-01-16T00:00:00.000Z,2024-01-16T16:22:30.088Z,2024-01-30T12:22:42.668Z
65a6d13d682fbf7ed058159a,64e2c28d2c3d320178f2f242,2234df20-cb39-4ed1-9ef8-33843ebc2f98,647ded89866b5961f5a3e203,2024-01-16T00:00:00.000Z,2024-01-16T18:55:57.205Z,2024-02-08T12:21:47.951Z
65a6d39fc3f41e20cc527839,659d858977b8aa013eb90d24,4ed527f3-43d2-4176-8772-0e7e2d14e7ee,647ded89866b5961f5a3e203,2024-01-16T00:00:00.000Z,2024-01-16T19:06:07.168Z,2024-02-09T09:33:41.138Z
65a6d5a4e387ce6234c1bae0,659b5faf96768d015327b91d,2234df20-cb39-4ed1-9ef8-33843ebc2f98,647ded89866b5961f5a3e203,2024-01-16T00:00:00.000Z,2024-01-16T19:14:44.812Z,2024-02-04T12:09:01.085Z
65a6e05da7085217120d8ea9,649f7bf189e37400b5cd218b,2234df20-cb39-4ed1-9ef8-33843ebc2f98,647ded89866b5961f5a3e203,2024-01-16T00:00:00.000Z,2024-01-16T20:00:29.244Z,2024-02-09T10:43:55.801Z
65a6f8c04b48766568c64912,659c6b1ad21fc50154c84d18,4ed527f3-43d2-4176-8772-0e7e2d14e7ee,647ded89866b5961f5a3e203,2024-01-16T00:00:00.000Z,2024-01-16T21:44:32.023Z,2024-02-08T11:36:57.825Z
65a71095c3f41e20cc53ad20,6363322a627aac00a8d73f8d,3748eb25-0047-4b3b-8d3a-cd463e694167,647dedd3866b5961f5a3e206,2024-01-16T00:00:00.000Z,2024-01-16T23:26:13.580Z,2024-02-09T11:33:46.385Z
65a7b759e387ce6234c4f148,65a2b76858d6c40154cc5a76,4fb32562-1981-401f-969e-ce3ab632faf4,647dedd3866b5961f5a3e206,2024-01-17T00:00:00.000Z,2024-01-17T11:17:45.778Z,2024-02-09T08:54:53.476Z
65a7bc624b48766568c8d0bb,659dec59d21fc50154c84d1e,4ed527f3-43d2-4176-8772-0e7e2d14e7ee,647ded89866b5961f5a3e203,2024-01-17T00:00:00.000Z,2024-01-17T11:39:14.424Z,2024-01-18T09:55:57.467Z
65a7bfe7e387ce6234c55c1d,657e378aa4f2c5015373c219,a57f3364-21ff-45d5-aee5-2406548eea52,647dedd3866b5961f5a3e206,2024-01-17T00:00:00.000Z,2024-01-17T11:54:15.855Z,2024-02-09T09:17:59.713Z
65a7c1f74b48766568c90dbd,6595ea4c203a1b0142ac70c9,cf9dde1c-ac32-4a2c-bc02-242adfa44abf,647ded89866b5961f5a3e203,2024-01-17T00:00:00.000Z,2024-01-17T12:03:03.640Z,2024-02-09T09:49:24.616Z
65a7cba2c3f41e20cc566a96,6597355d4b911a0178af4099,4fb32562-1981-401f-969e-ce3ab632faf4,647dedd3866b5961f5a3e206,2024-01-17T00:00:00.000Z,2024-01-17T12:44:18.566Z,2024-01-25T10:40:49.849Z
65a7d58fc3f41e20cc56a147,659d8c0877b8aa013eb90d25,cf9dde1c-ac32-4a2c-bc02-242adfa44abf,647dedd3866b5961f5a3e206,2024-01-17T00:00:00.000Z,2024-01-17T13:26:39.501Z,2024-02-09T11:31:40.143Z
65a7eb0a4b48766568ca3571,659743990a928c01774ed1f3,cf9dde1c-ac32-4a2c-bc02-242adfa44abf,647ded89866b5961f5a3e203,2024-01-17T00:00:00.000Z,2024-01-17T14:58:18.756Z,2024-02-07T12:51:42.510Z
65a7eb714b48766568ca3bdf,63b584ff91bc9100a8f92af2,3748eb25-0047-4b3b-8d3a-cd463e694167,647ded89866b5961f5a3e203,2024-01-17T00:00:00.000Z,2024-01-17T15:00:01.164Z,2024-02-09T11:48:15.992Z
65a81bd4c3f41e20cc581613,659d5150c14a240178616e64,bca0e834-fdfa-46e7-9c31-34f03c87ab78,647ded89866b5961f5a3e203,2024-01-17T00:00:00.000Z,2024-01-17T18:26:28.119Z,2024-02-08T11:37:01.337Z
65a8251fc3f41e20cc58423d,658459e9a4f2c5015373c224,cf9dde1c-ac32-4a2c-bc02-242adfa44abf,647dedd3866b5961f5a3e206,2024-01-17T00:00:00.000Z,2024-01-17T19:06:07.870Z,2024-02-08T11:46:24.929Z
65a828d54b48766568cb60b9,659d8c6dc14a240178616e65,bca0e834-fdfa-46e7-9c31-34f03c87ab78,647ded89866b5961f5a3e203,2024-01-17T00:00:00.000Z,2024-01-17T19:21:57.602Z,2024-02-09T11:19:50.272Z
65a83e634b48766568cba128,659c5e9077b8aa013eb90d21,cf9dde1c-ac32-4a2c-bc02-242adfa44abf,647ded89866b5961f5a3e203,2024-01-17T00:00:00.000Z,2024-01-17T20:53:55.049Z,2024-02-09T10:12:33.950Z
65a84dddc3f41e20cc58c691,644833cb0927c300a7d4648a,4ed527f3-43d2-4176-8772-0e7e2d14e7ee,647ded89866b5961f5a3e203,2024-01-17T00:00:00.000Z,2024-01-17T21:59:57.324Z,2024-02-07T15:33:53.680Z
65a853b1c3f41e20cc58e08e,6560f725888a230142557cb9,4ed527f3-43d2-4176-8772-0e7e2d14e7ee,647ded89866b5961f5a3e203,2024-01-17T00:00:00.000Z,2024-01-17T22:24:49.125Z,2024-02-09T09:25:32.225Z
65a85d454b48766568cc0cd7,65a4837e29e0c6014325b7ed,cf9dde1c-ac32-4a2c-bc02-242adfa44abf,647dedd3866b5961f5a3e206,2024-01-17T00:00:00.000Z,2024-01-17T23:05:41.916Z,2024-02-09T01:23:34.123Z
65a92cfbc3f41e20cc5c4072,659c2b9ec14a240178616e61,4ef33cac-b146-4c15-998d-3a1dea432a20,647ded89866b5961f5a3e203,2024-01-18T00:00:00.000Z,2024-01-18T13:51:55.679Z,2024-02-08T09:29:31.358Z
65a968d1504e00a04038b48b,65045dda0dbad40178d9b4d3,89545c13-72f2-444f-82c6-ce52c62bb779,647ded89866b5961f5a3e203,2024-01-18T00:00:00.000Z,2024-01-18T18:07:13.144Z,2024-01-25T13:24:27.391Z
65a96c40504e00a04038c551,659c570496768d015327b921,4ef33cac-b146-4c15-998d-3a1dea432a20,647ded89866b5961f5a3e203,2024-01-18T00:00:00.000Z,2024-01-18T18:21:52.027Z,2024-01-30T11:50:25.480Z
65a985147104eefe1f677217,63b4540891bc9100a8f92ae8,3748eb25-0047-4b3b-8d3a-cd463e694167,647ded89866b5961f5a3e203,2024-01-18T00:00:00.000Z,2024-01-18T20:07:48.276Z,2024-01-27T11:02:10.223Z
65a9aac2a1dd7ff252d60d26,659c114fc14a240178616e5f,4ef33cac-b146-4c15-998d-3a1dea432a20,647ded89866b5961f5a3e203,2024-01-18T00:00:00.000Z,2024-01-18T22:48:34.181Z,2024-02-05T10:29:01.742Z
65aa6535a1dd7ff252d8796e,64e6a54cd19e8b0178b526a5,4ef33cac-b146-4c15-998d-3a1dea432a20,647ded89866b5961f5a3e203,2024-01-19T00:00:00.000Z,2024-01-19T12:04:05.537Z,2024-01-27T10:21:23.319Z
65aa66b740b47be103d71459,65a020bac14a240178616e6c,cf9dde1c-ac32-4a2c-bc02-242adfa44abf,647dedd3866b5961f5a3e206,2024-01-19T00:00:00.000Z,2024-01-19T12:10:31.633Z,2024-02-09T08:18:09.057Z
65aa772540b47be103d78ff4,65a5c6d558d6c40154cc5a7b,8986e1ee-c3bf-4b10-b353-9f82a41062d8,647dedd3866b5961f5a3e206,2024-01-19T00:00:00.000Z,2024-01-19T13:20:37.506Z,2024-02-08T15:13:34.108Z
65aa8326d3b2a8f9886ded3a,65a6dd5ed1e2390178139899,cf9dde1c-ac32-4a2c-bc02-242adfa44abf,647dedd3866b5961f5a3e206,2024-01-19T00:00:00.000Z,2024-01-19T14:11:50.331Z,2024-02-09T08:54:34.438Z
65aa8948d3b2a8f9886e16eb,65a07f3196768d015327b92e,4ef33cac-b146-4c15-998d-3a1dea432a20,647ded89866b5961f5a3e203,2024-01-19T00:00:00.000Z,2024-01-19T14:38:00.553Z,2024-01-23T12:14:15.344Z
65aaab4040b47be103d8da36,659d9f45d21fc50154c84d1c,cf9dde1c-ac32-4a2c-bc02-242adfa44abf,647dedd3866b5961f5a3e206,2024-01-19T00:00:00.000Z,2024-01-19T17:02:56.350Z,2024-02-09T09:44:41.970Z
65aaae2378fd5add682efb9f,659fed76d21fc50154c84d24,cf9dde1c-ac32-4a2c-bc02-242adfa44abf,647dedd3866b5961f5a3e206,2024-01-19T00:00:00.000Z,2024-01-19T17:15:15.871Z,2024-02-09T11:10:26.415Z
65aabff378fd5add682f305d,6596c88a0a928c01774ed1ef,4ef33cac-b146-4c15-998d-3a1dea432a20,647ded89866b5961f5a3e203,2024-01-19T00:00:00.000Z,2024-01-19T18:31:15.610Z,2024-02-08T10:28:53.715Z
65aac5e240b47be103d92e6d,650b96d0fafc5b0154993c8f,2234df20-cb39-4ed1-9ef8-33843ebc2f98,647dedb1866b5961f5a3e204,2024-01-19T00:00:00.000Z,2024-01-19T18:56:34.972Z,2024-02-09T09:23:23.386Z
65aace61a1dd7ff252daaa69,64f8d5896b90320155452b89,14bffa46-e2a5-44d6-b163-b76fc370242f,647ded89866b5961f5a3e203,2024-01-19T00:00:00.000Z,2024-01-19T19:32:49.335Z,2024-02-09T09:41:04.095Z
65aad1ed1024000727c20d54,657a1bd737d3bf0178252510,4ef33cac-b146-4c15-998d-3a1dea432a20,647ded89866b5961f5a3e203,2024-01-19T00:00:00.000Z,2024-01-19T19:47:57.373Z,2024-02-09T10:57:45.806Z
65aaddb378fd5add682f7bc3,653f20a8f530a90154f43385,8986e1ee-c3bf-4b10-b353-9f82a41062d8,647ded89866b5961f5a3e203,2024-01-19T00:00:00.000Z,2024-01-19T20:38:11.394Z,2024-02-01T11:00:07.121Z
65aaeb55a1dd7ff252dae958,64ecb24f9e72c2004918b072,4ef33cac-b146-4c15-998d-3a1dea432a20,647ded89866b5961f5a3e203,2024-01-19T00:00:00.000Z,2024-01-19T21:36:21.336Z,2024-02-08T11:29:14.124Z
65aaffd840b47be103d9a05b,65870a71a4f2c5015373c228,8986e1ee-c3bf-4b10-b353-9f82a41062d8,647ded89866b5961f5a3e203,2024-01-19T00:00:00.000Z,2024-01-19T23:03:52.944Z,2024-02-06T11:04:41.974Z
65ab02b184971f61ba6567b4,65a287f129e0c6014325b7eb,8986e1ee-c3bf-4b10-b353-9f82a41062d8,647dedd3866b5961f5a3e206,2024-01-19T00:00:00.000Z,2024-01-19T23:16:01.023Z,2024-02-09T09:59:16.683Z
65ae72d9ccd57548783f499a,64f3f11b1f0db50154a04932,14bffa46-e2a5-44d6-b163-b76fc370242f,647ded89866b5961f5a3e203,2024-01-22T00:00:00.000Z,2024-01-22T13:51:21.519Z,2024-01-27T16:16:26.234Z
65ae826aa1dd7ff252e2030b,6567394194c9f701772d8696,14bffa46-e2a5-44d6-b163-b76fc370242f,647dedd3866b5961f5a3e206,2024-01-22T00:00:00.000Z,2024-01-22T14:57:46.639Z,2024-02-02T15:43:50.193Z
65ae857e84971f61ba6c5315,64ef5c627ad57001777b5b64,14bffa46-e2a5-44d6-b163-b76fc370242f,647ded89866b5961f5a3e203,2024-01-22T00:00:00.000Z,2024-01-22T15:10:54.304Z,2024-02-07T09:59:59.285Z
65ae867ba1dd7ff252e2106c,64f14d707ad57001777b5b78,14bffa46-e2a5-44d6-b163-b76fc370242f,647ded89866b5961f5a3e203,2024-01-22T00:00:00.000Z,2024-01-22T15:15:07.783Z,2024-01-22T15:15:07.783Z
65ae8952ccd57548783fe52c,64f223021f0db50154a0492b,14bffa46-e2a5-44d6-b163-b76fc370242f,647ded89866b5961f5a3e203,2024-01-22T00:00:00.000Z,2024-01-22T15:27:14.463Z,2024-02-07T12:07:17.930Z
65ae9060a1dd7ff252e24907,65a7fd0658d6c40154cc5a80,4fb32562-1981-401f-969e-ce3ab632faf4,647ded89866b5961f5a3e203,2024-01-22T00:00:00.000Z,2024-01-22T15:57:20.567Z,2024-02-06T11:39:59.126Z
65ae93c984971f61ba6c914e,64f607c6d774960178261e38,14bffa46-e2a5-44d6-b163-b76fc370242f,647ded89866b5961f5a3e203,2024-01-22T00:00:00.000Z,2024-01-22T16:11:53.275Z,2024-01-22T16:11:53.275Z
65ae962284971f61ba6c9ab6,64f649451f0db50154a0493c,14bffa46-e2a5-44d6-b163-b76fc370242f,647ded89866b5961f5a3e203,2024-01-22T00:00:00.000Z,2024-01-22T16:21:54.734Z,2024-01-22T16:21:54.734Z
65ae9d9d84971f61ba6cb7cb,64f7d2460dbad40178d9b4b5,14bffa46-e2a5-44d6-b163-b76fc370242f,647ded89866b5961f5a3e203,2024-01-22T00:00:00.000Z,2024-01-22T16:53:49.683Z,2024-01-31T15:15:58.577Z
65ae9e1ea1dd7ff252e288bc,659c072696768d015327b91f,4fb32562-1981-401f-969e-ce3ab632faf4,647dedc3866b5961f5a3e205,2024-01-22T00:00:00.000Z,2024-01-22T16:55:58.093Z,2024-02-05T10:48:13.635Z
65aea715ccd575487840759b,64f8b9c60dbad40178d9b4ba,14bffa46-e2a5-44d6-b163-b76fc370242f,647dedb1866b5961f5a3e204,2024-01-22T00:00:00.000Z,2024-01-22T17:34:13.438Z,2024-02-09T11:40:59.512Z
65aeab6584971f61ba6cf599,64f850466b90320155452b85,14bffa46-e2a5-44d6-b163-b76fc370242f,647dedd3866b5961f5a3e206,2024-01-22T00:00:00.000Z,2024-01-22T17:52:37.012Z,2024-01-22T17:52:37.012Z
65aeac05a1dd7ff252e2bf77,6584a34e0a928c01774ed1df,bca0e834-fdfa-46e7-9c31-34f03c87ab78,647ded89866b5961f5a3e203,2024-01-22T00:00:00.000Z,2024-01-22T17:55:17.931Z,2024-02-06T10:11:19.822Z
65aeacf61e9ae7ea04c46538,64fb54d46b90320155452b8e,14bffa46-e2a5-44d6-b163-b76fc370242f,647ded89866b5961f5a3e203,2024-01-22T00:00:00.000Z,2024-01-22T17:59:18.950Z,2024-01-22T17:59:18.950Z
65aeae1384971f61ba6cff57,64fb8fc56b90320155452b91,14bffa46-e2a5-44d6-b163-b76fc370242f,647ded89866b5961f5a3e203,2024-01-22T00:00:00.000Z,2024-01-22T18:04:03.821Z,2024-02-09T10:44:51.822Z
65aeaf51ccd575487840a229,64fb3a2c0dbad40178d9b4bd,14bffa46-e2a5-44d6-b163-b76fc370242f,647ded89866b5961f5a3e203,2024-01-22T00:00:00.000Z,2024-01-22T18:09:21.563Z,2024-02-07T12:58:41.736Z
65aeb87684971f61ba6d439d,64ad8789526f5300b66d4a5d,f13cb68d-3e50-407d-af65-35069e539e50,647ded89866b5961f5a3e203,2024-01-22T00:00:00.000Z,2024-01-22T18:48:22.563Z,2024-02-08T09:49:18.502Z
65aeb96f1e9ae7ea04c4a233,65a6cfa958d6c40154cc5a7d,a57f3364-21ff-45d5-aee5-2406548eea52,647dedd3866b5961f5a3e206,2024-01-22T00:00:00.000Z,2024-01-22T18:52:31.558Z,2024-02-08T10:09:05.208Z
65aeba561e9ae7ea04c4a643,64fb8aeb6b90320155452b90,14bffa46-e2a5-44d6-b163-b76fc370242f,647ded89866b5961f5a3e203,2024-01-22T00:00:00.000Z,2024-01-22T18:56:22.145Z,2024-02-09T09:22:10.709Z
65aebb51a1dd7ff252e30e3a,64fc84310dbad40178d9b4c1,14bffa46-e2a5-44d6-b163-b76fc370242f,647ded89866b5961f5a3e203,2024-01-22T00:00:00.000Z,2024-01-22T19:00:33.570Z,2024-02-08T09:52:31.567Z
65aebc0384971f61ba6d4e23,64ff26f56b90320155452b96,14bffa46-e2a5-44d6-b163-b76fc370242f,647ded89866b5961f5a3e203,2024-01-22T00:00:00.000Z,2024-01-22T19:03:31.098Z,2024-02-08T11:37:52.771Z
65aebf80f4681e0b5ff82fa4,647fe11300284100b1b7ebf9,f13cb68d-3e50-407d-af65-35069e539e50,647dedd3866b5961f5a3e206,2024-01-22T00:00:00.000Z,2024-01-22T19:18:24.657Z,2024-02-09T09:42:04.025Z
65aec05b84971f61ba6d59a8,65a7005935609c01455ff2cc,bca0e834-fdfa-46e7-9c31-34f03c87ab78,647ded89866b5961f5a3e203,2024-01-22T00:00:00.000Z,2024-01-22T19:22:03.611Z,2024-02-09T10:59:00.248Z
65ba75c5d56db0b041a6378f,6405c91370bab800a7186f4f,6a2e9fed-ad42-4e3c-8292-99e4d09aff60,647ded89866b5961f5a3e203,2024-01-31T16:31:01.588Z,2024-01-31T16:31:01.603Z,2024-02-01T11:45:01.511Z
65bbad8030292970c561f5c5,6405c91370bab800a7186f4f,37560686-a647-40ed-8b6a-45ea96f88bec,647dedd3866b5961f5a3e206,2024-02-01T14:41:04.964Z,2024-02-01T14:41:04.965Z,2024-02-08T19:35:39.446Z
65bbae371fd5286c620d6213,6405c91370bab800a7186f4f,37560686-a647-40ed-8b6a-45ea96f88bec,647dedc3866b5961f5a3e205,2024-02-01T14:44:07.847Z,2024-02-01T14:44:07.848Z,2024-02-05T10:09:59.372Z
65bbaef530292970c561fe1e,6599cde677b8aa013eb90d14,ed6ed9e0-55ba-470e-a965-db87bb819446,647dedc3866b5961f5a3e205,2024-02-01T14:47:17.098Z,2024-02-01T14:47:17.101Z,2024-02-09T09:38:12.097Z
65bbb41ff6562575d841d8e3,65985a58203a1b0142ac70d0,37560686-a647-40ed-8b6a-45ea96f88bec,647ded89866b5961f5a3e203,2024-02-01T15:09:19.180Z,2024-02-01T15:09:19.182Z,2024-02-07T18:34:21.094Z
65bbf1c92e790c8f0ecbc4a7,63e3201b34875800a7572490,c9c1c086-46a7-4503-8046-6cb6f68c033e,647dedc3866b5961f5a3e205,2024-02-01T19:32:25.432Z,2024-02-01T19:32:25.435Z,2024-02-07T16:57:20.858Z
65bd5c8cecb863b2662d339c,644433e90927c300a7d46480,7eef2dda-dd41-412a-a903-3c7ec6c89e3d,647ded89866b5961f5a3e203,2024-02-02T21:20:12.508Z,2024-02-02T21:20:12.510Z,2024-02-07T11:42:37.896Z
65bd636decb863b2662d471e,64622a48612c0700a73bdfbc,b4a49e2d-0325-42f8-8519-fbaf7f43ef72,647dedd3866b5961f5a3e206,2024-02-02T21:49:33.144Z,2024-02-02T21:49:33.146Z,2024-02-08T12:58:36.631Z
65c0d7a3c4c3634a6bef9e18,65b85f0d40070101780f3b59,38a42f1c-e855-4751-88f8-624cf57dcde0,647dedd3866b5961f5a3e206,2024-02-05T12:42:11.862Z,2024-02-05T12:42:11.867Z,2024-02-09T13:14:58.971Z
65c0df452618c2cc9cff0314,63cbd841ccab9900a7974fd2,b4a49e2d-0325-42f8-8519-fbaf7f43ef72,647ded89866b5961f5a3e203,2024-02-05T13:14:45.674Z,2024-02-05T13:14:45.676Z,2024-02-07T09:30:37.354Z
65c0f9748a7c0553b7a9dcc3,64f138747ad57001777b5b75,87d68200-b81e-4aea-9994-247904acdf0f,647dedd3866b5961f5a3e206,2024-02-05T15:06:28.253Z,2024-02-05T15:06:28.258Z,2024-02-07T09:42:17.024Z
65c1005e8a7c0553b7a9f6a4,65a9ad759465f10154adb219,38a42f1c-e855-4751-88f8-624cf57dcde0,647dedd3866b5961f5a3e206,2024-02-05T15:35:58.098Z,2024-02-05T15:35:58.102Z,2024-02-05T15:35:58.102Z
65c108d4c4c3634a6bf0ac1a,655bbbad84563801446eb8bb,f0fd2b89-4d22-4725-be33-af3e97ccf212,647ded89866b5961f5a3e203,2024-02-05T16:12:04.580Z,2024-02-05T16:12:04.586Z,2024-02-07T08:18:45.957Z
65c1296154970b1c43301e36,6515cde737f22601787a991f,090e0bb3-3ee3-4fba-8be3-7c40997735bf,647ded89866b5961f5a3e203,2024-02-05T18:30:57.361Z,2024-02-05T18:30:57.363Z,2024-02-05T18:30:57.363Z
65c1fffa5e6ab557ecc2f905,646e0327171cbe00a7bb1404,ed6ed9e0-55ba-470e-a965-db87bb819446,647dedd3866b5961f5a3e206,2024-02-06T09:46:34.104Z,2024-02-06T09:46:34.106Z,2024-02-09T11:17:47.251Z
65c2143a8f1caf8db457eab6,6529fe2aaa3476013d9c354e,f0fd2b89-4d22-4725-be33-af3e97ccf212,647ded89866b5961f5a3e203,2024-02-06T11:12:58.754Z,2024-02-06T11:12:58.758Z,2024-02-06T11:12:58.758Z
65c242db8f1caf8db45934dd,65baa8fd4698c70178816baa,38a42f1c-e855-4751-88f8-624cf57dcde0,647ded89866b5961f5a3e203,2024-02-06T14:31:55.223Z,2024-02-06T14:31:55.228Z,2024-02-06T14:31:55.228Z
65c25e6a8f1caf8db459dd27,64a094262dcf0c00b6079a58,7eef2dda-dd41-412a-a903-3c7ec6c89e3d,647dedb1866b5961f5a3e204,2024-02-06T16:29:30.727Z,2024-02-06T16:29:30.730Z,2024-02-09T09:01:10.221Z
65c260c88f1caf8db459e88e,651c7d2637f22601787a9934,d19c3dc6-a16c-4906-b159-baa257368e59,647dedc3866b5961f5a3e205,2024-02-06T16:39:36.836Z,2024-02-06T16:39:36.840Z,2024-02-09T12:29:11.064Z
65c267cfa28e16e9ab8fafc8,651d8cd037f22601787a9938,38a42f1c-e855-4751-88f8-624cf57dcde0,647dedd3866b5961f5a3e206,2024-02-06T17:09:35.262Z,2024-02-06T17:09:35.264Z,2024-02-06T17:09:35.264Z
65c2748c8f1caf8db45a3cef,6500f3ac0dbad40178d9b4c8,08d958ed-24f5-413b-aac2-66c602310e7f,647dedd3866b5961f5a3e206,2024-02-06T18:03:56.463Z,2024-02-06T18:03:56.473Z,2024-02-08T19:03:03.027Z
65c2773f8f1caf8db45a4cd4,65b51552a23c9d01548c3cde,38a42f1c-e855-4751-88f8-624cf57dcde0,647dedd3866b5961f5a3e206,2024-02-06T18:15:27.363Z,2024-02-06T18:15:27.367Z,2024-02-08T21:23:51.234Z
65c27a51e20ff40c90979f1a,659bfd3377b8aa013eb90d1d,632864e35618ec00a8320830,647dedc3866b5961f5a3e205,2024-02-06T18:28:33.330Z,2024-02-06T18:28:33.333Z,2024-02-09T09:28:50.127Z
65c27adfa28e16e9ab90284b,64bfcc6e86edf500bf3bb989,7eef2dda-dd41-412a-a903-3c7ec6c89e3d,647ded89866b5961f5a3e203,2024-02-06T18:30:55.438Z,2024-02-06T18:30:55.440Z,2024-02-09T11:16:33.061Z
65c27be5a28e16e9ab902d88,63b4611491bc9100a8f92ae9,7eef2dda-dd41-412a-a903-3c7ec6c89e3d,647dedb1866b5961f5a3e204,2024-02-06T18:35:17.759Z,2024-02-06T18:35:17.761Z,2024-02-09T09:58:45.782Z
65c28faaa28e16e9ab909b53,64f5f4fc1f0db50154a04937,08d958ed-24f5-413b-aac2-66c602310e7f,647ded89866b5961f5a3e203,2024-02-06T19:59:38.620Z,2024-02-06T19:59:38.622Z,2024-02-09T12:49:32.406Z
65c29246a28e16e9ab90ac8b,63f0266c34875800a75724c7,7eef2dda-dd41-412a-a903-3c7ec6c89e3d,647dedb1866b5961f5a3e204,2024-02-06T20:10:46.715Z,2024-02-06T20:10:46.718Z,2024-02-08T09:16:36.746Z
65c29699a28e16e9ab90c539,65af95d59465f10154adb224,090e0bb3-3ee3-4fba-8be3-7c40997735bf,647ded89866b5961f5a3e203,2024-02-06T20:29:13.791Z,2024-02-06T20:29:13.793Z,2024-02-08T11:48:02.305Z
65c29c178f1caf8db45b3b66,642704418598c600a6662437,7eef2dda-dd41-412a-a903-3c7ec6c89e3d,647ded89866b5961f5a3e203,2024-02-06T20:52:39.452Z,2024-02-06T20:52:39.455Z,2024-02-09T09:16:52.297Z
65c29f47e20ff40c90989743,650f2d2237f22601787a990a,08d958ed-24f5-413b-aac2-66c602310e7f,647ded89866b5961f5a3e203,2024-02-06T21:06:15.435Z,2024-02-06T21:06:15.438Z,2024-02-06T21:06:15.438Z
65c2a92f8f1caf8db45ba8d0,63b578a091bc9100a8f92af0,0f82d590-9a53-4a9d-b176-d338fd50af62,647dedd3866b5961f5a3e206,2024-02-06T21:48:31.396Z,2024-02-06T21:48:31.399Z,2024-02-06T21:48:31.399Z
65c2aaa25f7567a93a570ede,65a0333bc14a240178616e6e,090e0bb3-3ee3-4fba-8be3-7c40997735bf,647ded89866b5961f5a3e203,2024-02-06T21:54:42.303Z,2024-02-06T21:54:42.316Z,2024-02-09T10:45:38.816Z
65c2acc45f7567a93a5715a2,64dbee842c3d320178f2f232,4f69966b-8424-43cf-ae1f-6967dda7b49d,647ded89866b5961f5a3e203,2024-02-06T22:03:48.014Z,2024-02-06T22:03:48.018Z,2024-02-06T22:03:48.018Z
65c36a385e6ab557ecc8b01c,6565e56094c9f701772d8690,6e30a232-909e-4182-839b-4b1e75db38bd,647ded89866b5961f5a3e203,2024-02-07T11:32:08.727Z,2024-02-07T11:32:08.729Z,2024-02-07T11:32:08.729Z
65c36d01e2d5430243d62f4a,65aed27e7a49750143b900c1,e7d8613d-a8aa-493b-a0a6-da5f4cd10443,647ded89866b5961f5a3e203,2024-02-07T11:44:01.114Z,2024-02-07T11:44:01.116Z,2024-02-09T08:22:41.881Z
65c3706be2d5430243d64974,6599bc15d21fc50154c84d0e,d19c3dc6-a16c-4906-b159-baa257368e59,647ded89866b5961f5a3e203,2024-02-07T11:58:35.312Z,2024-02-07T11:58:35.314Z,2024-02-07T11:58:35.314Z
65c370935e6ab557ecc8d8e4,65bfa7035464e20144069eef,f0fd2b89-4d22-4725-be33-af3e97ccf212,647ded89866b5961f5a3e203,2024-02-07T11:59:15.590Z,2024-02-07T11:59:15.592Z,2024-02-09T08:59:04.271Z
65c381115f7567a93a58e06a,65102312fafc5b0154993c9d,d19c3dc6-a16c-4906-b159-baa257368e59,647dedc3866b5961f5a3e205,2024-02-07T13:09:37.694Z,2024-02-07T13:09:37.696Z,2024-02-09T11:24:36.465Z
65c390a85f7567a93a59536e,6516f1c6fafc5b0154993cc7,d19c3dc6-a16c-4906-b159-baa257368e59,647ded89866b5961f5a3e203,2024-02-07T14:16:08.251Z,2024-02-07T14:16:08.255Z,2024-02-07T14:16:08.255Z
65c393ec5f7567a93a59705d,65afb82d7a49750143b900c4,0f82d590-9a53-4a9d-b176-d338fd50af62,647ded89866b5961f5a3e203,2024-02-07T14:30:04.847Z,2024-02-07T14:30:04.849Z,2024-02-07T14:30:04.849Z
65c399fc5f7567a93a599fc7,65a59c84d1e2390178139895,0899a685-4546-4dfe-ba46-e66e61b04a45,647ded89866b5961f5a3e203,2024-02-07T14:55:56.807Z,2024-02-07T14:55:56.809Z,2024-02-07T14:55:56.809Z
65c3a2255e6ab557ecca4081,65bbcd861fdd310178809ebe,38a42f1c-e855-4751-88f8-624cf57dcde0,647dedc3866b5961f5a3e205,2024-02-07T15:30:45.051Z,2024-02-07T15:30:45.053Z,2024-02-09T11:11:31.836Z
65c3a2265e6ab557ecca408c,645e7797e7dcbc00a883ddf6,63f716ee-a49e-4798-83d8-34ffe13b6570,647dedb1866b5961f5a3e204,2024-02-07T15:30:46.841Z,2024-02-07T15:30:46.842Z,2024-02-07T15:30:46.842Z
65c3a333e2d5430243d79266,6462dc25e7dcbc00a883de05,d45018e1-77af-49ff-a3a7-7f9234a818bc,647ded89866b5961f5a3e203,2024-02-07T15:35:15.375Z,2024-02-07T15:35:15.377Z,2024-02-09T10:21:23.247Z
65c3a3c15f7567a93a59e12c,6452655b9d46c900a65ca1e3,63f716ee-a49e-4798-83d8-34ffe13b6570,647ded89866b5961f5a3e203,2024-02-07T15:37:37.416Z,2024-02-07T15:37:37.419Z,2024-02-09T10:13:19.981Z
65c3a5f95f7567a93a59f40a,64f5da5cd774960178261e37,05d881c9-1dbe-45ac-9475-0b7d4ae2540b,647dedb1866b5961f5a3e204,2024-02-07T15:47:05.769Z,2024-02-07T15:47:05.771Z,2024-02-08T09:37:25.880Z
65c3a942e2d5430243d7c19f,642b279b8598c600a666243e,63f716ee-a49e-4798-83d8-34ffe13b6570,647dedd3866b5961f5a3e206,2024-02-07T16:01:06.434Z,2024-02-07T16:01:06.436Z,2024-02-09T11:52:44.261Z
65c3c87a5f7567a93a5a8964,65bc24995464e20144069eea,b033ca02-89d2-4450-a51a-ace50b49583f,647ded89866b5961f5a3e203,2024-02-07T18:14:18.615Z,2024-02-07T18:14:18.618Z,2024-02-09T10:10:40.754Z
65c3cb58e2d5430243d8421c,6516e894fafc5b0154993cc6,d19c3dc6-a16c-4906-b159-baa257368e59,647dedd3866b5961f5a3e206,2024-02-07T18:26:32.902Z,2024-02-07T18:26:32.906Z,2024-02-09T11:12:08.713Z
65c3cc0d8f1caf8db45f58d9,65148daafafc5b0154993cb7,d19c3dc6-a16c-4906-b159-baa257368e59,647dedc3866b5961f5a3e205,2024-02-07T18:29:33.230Z,2024-02-07T18:29:33.233Z,2024-02-09T12:01:11.148Z
65c3db1ae2d5430243d86497,65ba82b35464e20144069ee5,1a8100f1-a2c0-40f1-a1dc-82bc3a420754,647ded89866b5961f5a3e203,2024-02-07T19:33:46.378Z,2024-02-07T19:33:46.381Z,2024-02-08T11:21:29.511Z
65c3e9318f1caf8db45f957e,65bad0234698c70178816bab,38a42f1c-e855-4751-88f8-624cf57dcde0,647ded89866b5961f5a3e203,2024-02-07T20:33:53.909Z,2024-02-07T20:33:53.911Z,2024-02-09T10:13:16.708Z
65c40b4202e10e36070e350f,65ba7a095464e20144069ee4,38a42f1c-e855-4751-88f8-624cf57dcde0,647dedd3866b5961f5a3e206,2024-02-07T22:59:14.361Z,2024-02-07T22:59:14.365Z,2024-02-09T10:39:53.023Z
65c4bdc702e10e36070f4681,651b0da537f22601787a992c,d19c3dc6-a16c-4906-b159-baa257368e59,647ded89866b5961f5a3e203,2024-02-08T11:40:55.838Z,2024-02-08T11:40:55.843Z,2024-02-08T11:40:55.843Z
65c4d57902e10e36070ff1c0,65c15a02d7f59b015475c087,a11de69f-2f2e-460e-9cd5-ad74fe151d40,647ded89866b5961f5a3e203,2024-02-08T13:22:01.633Z,2024-02-08T13:22:01.635Z,2024-02-08T18:15:42.300Z
65c508e440b9940bbab2f158,6489940fae0b2200b19a28a9,39cffbed-073e-41b4-9df3-df1fd3da303f,647ded89866b5961f5a3e203,2024-02-08T17:01:24.479Z,2024-02-08T17:01:24.488Z,2024-02-09T09:40:40.071Z
65c54a010800093873e8b627,64adaa225b396d00b5616549,39cffbed-073e-41b4-9df3-df1fd3da303f,647ded89866b5961f5a3e203,2024-02-08T21:39:13.773Z,2024-02-08T21:39:13.783Z,2024-02-08T21:39:13.783Z
65c54d80bf37127b5775efff,63f6a3f034875800a75724cf,87d68200-b81e-4aea-9994-247904acdf0f,647ded89866b5961f5a3e203,2024-02-08T21:54:08.717Z,2024-02-08T21:54:08.719Z,2024-02-09T09:42:13.436Z
65c54debbf37127b5775f177,6495d3f74f6fd400a997d63c,ed6ed9e0-55ba-470e-a965-db87bb819446,647ded89866b5961f5a3e203,2024-02-08T21:55:55.451Z,2024-02-08T21:55:55.452Z,2024-02-08T21:55:55.452Z
65c54e470800093873e8bf5a,65a6b16ed1e2390178139898,39cffbed-073e-41b4-9df3-df1fd3da303f,647dedd3866b5961f5a3e206,2024-02-08T21:57:27.214Z,2024-02-08T21:57:27.216Z,2024-02-08T21:57:27.216Z
65c551800350ceb224968195,63c555a9ccab9900a7974fa6,ed6ed9e0-55ba-470e-a965-db87bb819446,647ded89866b5961f5a3e203,2024-02-08T22:11:12.786Z,2024-02-08T22:11:12.792Z,2024-02-08T22:11:12.792Z
65c56f3b0800093873e8f097,647e3674c361a400a88cd729,b4a49e2d-0325-42f8-8519-fbaf7f43ef72,647ded89866b5961f5a3e203,2024-02-09T00:18:03.161Z,2024-02-09T00:18:03.168Z,2024-02-09T10:00:37.225Z
